{"initial_reset_timestamp": 1603025874.898076, "timestamps": [1603025875.0010133, 1603025875.1015525, 1603025875.2032027, 1603025875.3042529, 1603025875.4053984, 1603025875.5062027, 1603025875.6068354, 1603025875.7078745, 1603025875.8089795, 1603025875.9098878, 1603025876.010443, 1603025876.1111114, 1603025876.2129984, 1603025876.3140514, 1603025876.414898, 1603025876.5154686, 1603025876.6164575, 1603025876.717537, 1603025876.8199873, 1603025876.9205246, 1603025877.0214975, 1603025877.122415, 1603025877.2233305, 1603025877.3247557, 1603025877.3491755, 1603025877.4505675, 1603025877.5520866, 1603025877.653179, 1603025877.7546315, 1603025877.8554115, 1603025877.956616, 1603025878.0571268, 1603025878.1451492, 1603025878.2470725, 1603025878.3480206, 1603025878.4485517, 1603025878.550561, 1603025878.6514037, 1603025878.7534919, 1603025878.8545628, 1603025878.9561577, 1603025879.056572, 1603025879.157983, 1603025879.2600663, 1603025879.361189, 1603025879.4631915, 1603025879.564587, 1603025879.6657426, 1603025879.7665615, 1603025879.8678591, 1603025879.9687953, 1603025880.0696461, 1603025880.1708195, 1603025880.2725568, 1603025880.3752286, 1603025880.4763844, 1603025880.5771272, 1603025880.6795464, 1603025880.7806737, 1603025880.8817484, 1603025880.9825046, 1603025881.08382, 1603025881.1845486, 1603025881.2899327, 1603025881.3945312, 1603025881.4966292, 1603025881.597401, 1603025881.6983342, 1603025881.7993093, 1603025881.900026, 1603025882.001508, 1603025882.1020584, 1603025882.2048588, 1603025882.306173, 1603025882.4079924, 1603025882.4962294, 1603025882.5976434, 1603025882.6991446, 1603025882.8005097, 1603025882.9020867, 1603025883.002653, 1603025883.1039388, 1603025883.2047586, 1603025883.3058174, 1603025883.4079933, 1603025883.509162, 1603025883.6101348, 1603025883.7111473, 1603025883.8127513, 1603025883.9153914, 1603025884.017384, 1603025884.1187532, 1603025884.2209156, 1603025884.3228061, 1603025884.4245985, 1603025884.5268104, 1603025884.6273835, 1603025884.7280016, 1603025884.8289, 1603025884.9296308], "episode_lengths": [200, 200, 200, 200, 200, 200, 200, 200, 200, 200, 200, 200, 200, 200, 200, 200, 200, 200, 200, 200, 200, 200, 200, 200, 48, 200, 200, 200, 200, 200, 200, 200, 174, 200, 200, 200, 200, 200, 200, 200, 200, 200, 200, 200, 200, 200, 200, 200, 200, 200, 200, 200, 200, 200, 200, 200, 200, 200, 200, 200, 200, 200, 200, 200, 200, 200, 200, 200, 200, 200, 200, 200, 200, 200, 200, 175, 200, 200, 200, 200, 200, 200, 200, 200, 200, 200, 200, 200, 200, 200, 200, 200, 200, 200, 200, 200, 200, 200, 200, 200], "episode_rewards": [200.0, 200.0, 200.0, 200.0, 200.0, 200.0, 200.0, 200.0, 200.0, 200.0, 200.0, 200.0, 200.0, 200.0, 200.0, 200.0, 200.0, 200.0, 200.0, 200.0, 200.0, 200.0, 200.0, 200.0, 48.0, 200.0, 200.0, 200.0, 200.0, 200.0, 200.0, 200.0, 174.0, 200.0, 200.0, 200.0, 200.0, 200.0, 200.0, 200.0, 200.0, 200.0, 200.0, 200.0, 200.0, 200.0, 200.0, 200.0, 200.0, 200.0, 200.0, 200.0, 200.0, 200.0, 200.0, 200.0, 200.0, 200.0, 200.0, 200.0, 200.0, 200.0, 200.0, 200.0, 200.0, 200.0, 200.0, 200.0, 200.0, 200.0, 200.0, 200.0, 200.0, 200.0, 200.0, 175.0, 200.0, 200.0, 200.0, 200.0, 200.0, 200.0, 200.0, 200.0, 200.0, 200.0, 200.0, 200.0, 200.0, 200.0, 200.0, 200.0, 200.0, 200.0, 200.0, 200.0, 200.0, 200.0, 200.0, 200.0], "episode_types": ["t", "t", "t", "t", "t", "t", "t", "t", "t", "t", "t", "t", "t", "t", "t", "t", "t", "t", "t", "t", "t", "t", "t", "t", "t", "t", "t", "t", "t", "t", "t", "t", "t", "t", "t", "t", "t", "t", "t", "t", "t", "t", "t", "t", "t", "t", "t", "t", "t", "t", "t", "t", "t", "t", "t", "t", "t", "t", "t", "t", "t", "t", "t", "t", "t", "t", "t", "t", "t", "t", "t", "t", "t", "t", "t", "t", "t", "t", "t", "t", "t", "t", "t", "t", "t", "t", "t", "t", "t", "t", "t", "t", "t", "t", "t", "t", "t", "t", "t", "t"]}